casilla_id,distrito_fed_17,distrito_fed_12,distrito_loc_17,distrito_loc_12,are,seccion,casilla,tipo_seccion,pri_pvem,pan_na,prd,pt,mc,otros,total,ln,tamano_md,tamano_gd,region,casilla_ex,rural,ln_total
2745,1,4,8,9,4-12,766,B-C,U,177,136,10,9,1,17,350,596,1,0,1,0,0,596
2762,1,4,8,9,4-8,772,B-C,U,161,172,13,15,5,12,378,644,1,0,1,0,0,644
460,1,1,2,2,1-51,2560,B-C,U,168,159,19,6,2,20,374,583,1,0,2,0,0,583
611,1,1,2,2,1-14,2943,B-C,R,158,99,2,0,0,11,270,345,0,0,2,0,1,345
423,1,1,2,2,1-48,2548,B-C,U,173,163,14,3,4,19,376,608,1,0,2,0,0,608
569,1,2,2,2,2-89,2789,B-C,R,64,71,3,2,0,4,144,140,0,0,2,0,1,140
65,1,4,8,1,4-32,800,B-C,R,72,93,6,9,7,8,195,404,0,0,1,0,1,404
28,1,4,1,1,4-14,778,B-C,R,134,110,7,3,2,25,281,582,1,0,1,0,1,582
2733,1,4,8,9,4-3,762,B-C,U,161,184,17,5,1,13,381,623,1,0,1,0,0,623
2760,1,4,8,9,4-8,772,B-C,U,158,161,11,2,2,18,352,645,1,0,1,0,0,645
489,1,1,2,2,1-40,2581,B-C,R,80,261,16,6,4,18,385,661,1,0,2,0,1,661
2736,1,4,8,9,4-5,763,B-C,U,130,145,6,1,3,0,285,453,0,0,1,0,0,453
548,1,2,2,2,2-88,2778,B-C,M,242,195,58,5,2,26,528,688,1,0,2,0,0,688
465,1,1,2,2,1-30,2563,B-C,R,33,111,2,4,1,23,174,358,0,0,2,0,1,358
297,1,1,2,2,1-5,335,B-C,R,230,156,1,0,1,0,388,489,0,0,2,0,1,489
75,1,4,8,1,4-68,812,B-C,R,49,55,4,3,0,12,123,274,0,0,1,0,1,274
541,1,1,2,2,1-18,2603,B-C,M,194,354,18,0,0,11,577,735,1,0,2,0,0,735
2789,1,4,1,9,4-27,803,E,R,91,178,7,6,0,13,295,486,1,0,1,1,1,486
32,1,4,1,1,4-13,779,E,R,42,61,10,5,1,11,130,248,0,0,1,1,1,248
567,1,2,2,2,2-89,2787,B-C,R,141,128,39,3,1,29,341,458,0,0,2,0,1,458
2794,1,4,1,9,4-26,807,B-C,R,102,84,12,3,0,21,222,519,1,0,1,0,1,519
492,1,1,2,2,1-53,2583,B-C,R,84,161,16,4,3,13,281,539,1,0,2,0,1,539
418,1,1,2,2,1-43,2545,B-C,U,148,139,12,9,3,20,331,635,1,0,2,0,0,635
2811,1,4,8,9,4-35,814,B-C,R,68,224,7,4,3,27,333,522,0,0,1,0,1,522
30,1,4,1,1,4-14,778,B-C,R,135,154,7,3,1,14,314,582,1,0,1,0,1,582
2548,2,2,9,9,2-9,149,B-C,U,148,179,13,1,6,16,363,610,1,0,2,0,0,610
5211,2,2,17,17,2-51,628,B-C,R,136,80,2,2,0,13,233,415,0,0,2,0,1,415
4562,2,12,16,15,12-64,514,B-C,M,166,217,34,7,5,0,429,688,1,0,2,0,0,688
4894,2,12,16,16,12-69,503,B-C,U,112,234,3,3,3,17,372,567,1,0,2,0,0,567
366,2,2,2,2,2-78,2522,B-C,R,128,115,17,8,0,23,291,419,0,0,2,0,1,419
2717,2,2,9,9,2-46,236,B-C,R,70,193,11,1,1,13,289,462,0,0,2,0,1,462
2606,2,2,9,9,2-18,173,B-C,U,154,171,7,3,6,18,359,610,1,0,2,0,0,610
357,2,2,2,2,2-70,2517,B-C,R,271,166,11,2,3,16,469,709,0,0,2,0,1,709
5182,2,2,17,17,2-55,614,B-C,U,90,213,7,2,2,10,324,555,1,0,2,0,0,555
5174,2,2,17,17,2-54,611,B-C,U,116,192,16,2,5,7,338,549,1,0,2,0,0,549
5257,2,2,17,17,2-61,650,B-C,U,61,219,32,9,2,10,333,587,1,0,2,0,0,587
2523,2,2,9,9,2-1,141,B-C,M,126,155,18,5,7,8,319,633,1,0,2,0,0,633
2666,2,2,9,9,2-40,205,B-C,R,153,76,18,3,1,15,266,455,0,0,2,0,1,455
4907,2,12,16,16,12-66,507,B-C,U,148,150,7,3,4,7,319,557,1,0,2,0,0,557
5226,2,2,17,17,2-58,636,B-C,U,133,146,2,1,2,15,299,585,1,0,2,0,0,585
4900,2,12,16,16,12-70,505,B-C,M,82,274,5,2,8,0,371,657,1,0,2,0,0,657
2587,2,2,9,9,2-9,164,B-C,U,122,201,11,5,2,8,349,634,1,0,2,0,0,634
5255,2,2,17,17,2-60,649,B-C,U,70,226,35,5,6,8,350,567,1,0,2,0,0,567
2610,2,2,9,9,2-15,174,B-C,U,156,156,9,6,1,21,349,598,1,0,2,0,0,598
5235,2,2,17,17,2-66,639,B-C,R,155,154,9,10,3,17,348,699,1,0,2,0,1,699
5196,2,2,17,17,2-63,620,B-C,M,104,177,5,2,3,9,300,518,1,0,2,0,0,518
4926,2,12,16,16,12-74,521,B-C,U,114,140,29,4,2,13,302,528,1,0,2,0,0,528
2529,2,2,9,9,2-2,142,B-C,U,109,150,13,6,8,19,305,562,1,0,2,0,0,562
5249,2,2,17,17,2-65,646,B-C,U,106,221,51,1,2,18,399,665,1,0,2,0,0,665
4920,2,12,16,16,12-74,519,B-C,U,326,190,47,5,0,0,568,725,1,0,2,0,0,725
4888,2,12,16,16,12-68,501,B-C,U,111,265,16,6,10,12,420,681,1,0,2,0,0,681
2661,2,2,9,9,2-38,202,B-C,R,177,94,4,0,2,11,288,503,1,0,2,0,1,503
4563,2,12,16,15,12-64,514,B-C,M,185,185,20,3,0,11,404,688,1,0,2,0,0,688
1247,3,3,4,4,3-79,1496,B-C,NA,145,131,3,2,0,7,288,746,0,1,1,0,0,746
987,3,3,3,4,3-10,1293,B-C,U,176,170,6,2,2,8,364,650,1,0,1,0,0,650
961,3,3,4,4,3-17,1284,B-C,U,181,178,16,4,2,1,382,670,0,1,1,0,0,670
733,3,5,3,3,5-24,1701,B-C,U,159,185,5,3,2,8,362,527,1,0,1,0,0,527
679,3,5,3,3,5-10,1681,B-C,U,218,210,13,3,6,8,458,734,0,1,1,0,0,734
901,3,5,3,4,5-2,1263,B-C,U,160,170,1,3,0,7,341,561,1,0,1,0,0,561
669,3,5,3,3,5-5,1677,B-C,U,220,134,9,3,2,11,379,661,1,0,1,0,0,661
820,3,5,7,3,5-27,1743,B-C,U,187,164,5,3,0,12,371,546,0,0,1,0,0,546
1341,3,5,3,5,5-87,1477,B-C,M,204,142,9,3,2,16,376,734,0,1,1,0,0,734
1085,3,3,7,4,3-33,1330,B-C,U,199,243,7,4,4,17,474,745,1,0,1,0,0,745
984,3,3,3,4,3-11,1292,B-C,U,194,198,7,5,4,11,419,635,1,0,1,0,0,635
1062,3,3,7,4,3-27,1321,B-C,U,138,119,5,2,0,14,278,530,1,0,1,0,0,530
946,3,3,3,4,3-3,1279,B-C,U,190,252,15,1,4,8,470,684,1,0,1,0,0,684
758,3,5,3,3,5-22,1714,B-C,U,165,171,9,3,1,15,364,502,1,0,1,0,0,502
670,3,5,3,3,5-5,1677,B-C,U,228,125,10,0,2,9,374,661,1,0,1,0,0,661
1331,3,5,3,5,5-85,1477,B-C,M,213,154,5,2,3,0,377,734,0,1,1,0,0,734
699,3,5,3,3,5-16,1687,B-C,U,276,245,5,1,3,9,539,726,1,0,1,0,0,726
894,3,5,3,4,5-3,1261,B-C,M,202,121,9,5,1,6,344,612,1,0,1,0,0,612
725,3,5,3,3,5-13,1697,B-C,U,209,307,22,2,4,10,554,736,1,0,1,0,0,736
636,3,5,3,3,5-14,1282,B-C,U,223,293,18,1,5,13,553,707,0,1,1,0,0,707
1058,3,3,7,4,3-27,1320,B-C,U,137,164,7,5,0,9,322,520,1,0,1,0,0,520
900,3,5,3,4,5-3,1262,B-C,U,178,141,3,1,0,13,336,576,1,0,1,0,0,576
943,3,3,3,4,3-7,1278,B-C,U,177,234,17,3,3,10,444,666,0,1,1,0,0,666
1076,3,3,7,4,3-31,1325,B-C,U,146,145,9,1,1,6,308,605,1,0,1,0,0,605
1203,3,3,4,4,3-15,1481,B-C,M,157,172,19,4,3,15,370,514,1,0,1,0,0,514
921,3,3,3,4,3-4,1273,B-C,U,157,133,8,4,1,3,306,575,1,0,1,0,0,575
2336,4,4,8,8,4-73,890,B-C,R,111,92,3,5,2,14,227,450,1,0,1,0,1,450
175,4,1,1,1,1-84,2383,B-C,U,216,127,11,1,1,14,370,586,1,0,1,0,0,586
2255,4,4,8,8,4-53,854,B-C,U,225,169,31,7,5,20,457,713,1,0,1,0,0,713
2319,4,4,8,8,4-67,878,S,M,76,91,20,0,2,1,190,0,0,1,1,0,0,190
2275,4,4,8,8,4-56,865,B-C,U,185,148,29,12,3,25,402,721,1,0,1,0,0,721
100,4,1,1,1,1-102,1907,B-C,M,53,111,72,4,1,22,263,446,0,0,1,0,0,446
2306,4,4,8,8,4-67,878,B-C,M,231,186,29,6,3,5,460,747,0,1,1,0,0,747
114,4,1,1,1,1-65,2350,B-C,M,170,196,11,16,1,15,409,645,1,0,1,0,0,645
103,4,1,1,1,1-104,1909,B-C,R,76,151,6,0,0,7,240,315,0,0,1,0,1,315
2201,4,4,8,8,4-43,828,B-C,U,180,102,35,9,3,15,344,599,1,0,1,0,0,599
197,4,1,1,1,1-70,2393,B-C,R,131,155,11,1,1,5,304,440,0,0,1,0,1,440
2215,4,4,8,8,4-45,834,B-C,U,196,128,35,14,7,18,398,608,1,0,1,0,0,608
2325,4,4,8,8,4-70,883,B-C,R,166,210,2,5,1,34,418,715,0,0,1,0,1,715
130,4,1,1,1,1-59,2359,B-C,R,94,223,3,7,1,7,335,612,1,0,1,0,1,612
259,4,1,1,1,1-89,2426,B-C,R,116,118,13,0,1,13,261,440,0,0,1,0,1,440
2297,4,4,8,8,4-62,875,B-C,U,184,191,32,2,3,14,426,712,1,0,1,0,0,712
76,4,1,1,1,1-100,1894,B-C,U,140,142,20,0,2,10,314,466,0,0,1,0,0,466
187,4,1,1,1,1-81,2388,B-C,U,169,102,16,4,1,10,302,509,1,0,1,0,0,509
2346,4,4,8,8,4-77,896,B-C,M,187,138,30,3,1,16,375,661,1,0,1,0,0,661
105,4,1,1,1,1-104,1910,B-C,M,130,253,36,3,2,8,432,593,1,0,1,0,0,593
2368,4,4,8,8,4-82,904,B-C,R,103,137,20,4,0,13,277,500,1,0,1,0,1,500
257,4,1,1,1,1-77,2425,B-C,R,151,73,10,4,3,15,256,475,0,0,1,0,1,475
2205,4,4,8,8,4-47,829,B-C,U,150,101,27,1,4,0,283,452,0,0,1,0,0,452
2253,4,4,8,8,4-52,853,B-C,U,196,82,18,6,6,12,320,679,1,0,1,0,0,679
2364,4,4,8,8,4-81,902,B-C,U,144,152,21,9,0,17,343,648,1,0,1,0,0,648
1571,5,5,5,5,5-77,3008,B-C,U,114,94,1,0,0,22,231,423,0,0,1,0,0,423
1612,5,5,5,5,5-81,3028,B-C,U,151,96,5,0,0,4,256,491,0,0,1,0,0,491
1376,5,5,5,5,5-50,1494,B-C,M,217,149,5,2,1,5,379,683,0,1,1,0,0,683
1503,5,5,6,5,5-41,1830,B-C,U,123,155,1,1,1,7,288,450,0,0,1,0,0,450
887,5,5,5,3,5-65,1774,B-C,U,223,240,4,2,1,15,485,702,1,0,1,0,0,702
844,5,5,5,3,5-62,1753,B-C,U,114,198,6,4,3,4,329,530,1,0,1,0,0,530
1578,5,5,5,5,5-80,3012,B-C,U,136,151,2,2,1,7,299,518,1,0,1,0,0,518
1602,5,5,5,5,5-81,3023,B-C,U,144,103,2,4,0,0,253,460,0,0,1,0,0,460
1653,5,6,6,6,6-66,1544,B-C,U,150,255,12,3,1,11,432,570,0,0,1,0,0,570
1393,5,6,6,5,6-11,1511,B-C,R,100,209,5,4,1,5,324,567,1,0,1,0,1,567
811,5,5,7,3,5-36,1740,B-C,U,130,157,3,2,1,5,298,459,0,0,1,0,0,459
1390,5,6,6,5,6-11,1507,B-C,R,71,156,1,1,3,3,235,387,0,0,1,0,1,387
864,5,5,7,3,5-40,1764,B-C,U,162,183,4,4,0,33,386,541,1,0,1,0,0,541
1473,5,5,5,5,5-60,1813,B-C,U,229,211,7,1,2,19,469,635,1,0,1,0,0,635
817,5,5,5,3,5-55,1741,B-C,U,190,132,8,2,2,10,344,649,1,0,1,0,0,649
1555,5,6,5,5,6-82,1854,B-C,U,193,168,8,2,4,13,388,629,1,0,1,0,0,629
1659,5,6,6,6,6-69,1547,B-C,U,186,275,11,2,3,0,477,715,1,0,1,0,0,715
1613,5,5,5,5,5-81,3028,B-C,U,171,97,3,1,0,1,273,491,0,0,1,0,0,491
835,5,5,7,3,5-38,1749,B-C,U,171,138,6,3,0,9,327,532,1,0,1,0,0,532
1496,5,5,5,5,5-71,1827,B-C,U,198,241,14,1,4,10,468,642,1,0,1,0,0,642
1660,5,6,6,6,6-68,1548,B-C,U,182,265,18,1,2,16,484,593,1,0,1,0,0,593
868,5,5,7,3,5-58,1766,B-C,U,213,202,10,1,1,9,436,684,1,0,1,0,0,684
1512,5,5,5,5,5-74,1834,B-C,U,166,142,8,2,2,15,335,573,1,0,1,0,0,573
1409,5,5,7,5,5-45,1785,B-C,U,149,155,3,1,0,9,317,526,1,0,1,0,0,526
1703,5,6,6,6,6-67,1577,B-C,U,172,168,10,1,1,7,359,569,1,0,1,0,0,569
1452,5,5,5,5,5-67,1803,B-C,U,189,148,7,1,0,9,354,555,1,0,1,0,0,555
1420,5,5,7,5,5-34,1789,B-C,U,128,151,3,1,1,11,295,468,0,0,1,0,0,468
1123,6,3,7,4,3-43,1348,B-C,U,193,169,6,2,2,19,391,701,1,0,1,0,0,701
1222,6,3,4,4,3-18,1489,B-C,U,201,164,9,4,1,12,391,696,1,0,1,0,0,696
2052,6,6,4,7,6-28,1632,B-C,NA,192,230,10,4,4,4,444,743,0,1,1,0,0,743
1066,6,3,4,4,3-28,1322,B-C,U,196,173,8,4,1,10,392,722,0,1,1,0,0,722
1396,6,6,7,5,6-63,1521,B-C,U,160,218,13,4,3,8,406,529,0,0,1,0,0,529
1909,6,3,7,7,3-52,1388,B-C,U,215,179,6,2,0,13,415,653,1,0,1,0,0,653
1253,6,3,4,4,3-77,1498,B-C,M,170,133,4,1,1,6,315,472,0,0,1,0,0,472
1869,6,3,7,7,3-42,1365,B-C,U,188,216,12,6,5,10,437,653,1,0,1,0,0,653
1908,6,3,7,7,3-51,1387,B-C,U,135,134,13,1,4,9,296,511,1,0,1,0,0,511
1195,6,3,4,4,3-75,1474,B-C,R,97,109,3,1,1,9,220,387,0,0,1,0,1,387
1254,6,3,4,4,3-76,1499,B-C,R,163,150,3,4,0,0,320,583,1,0,1,0,1,583
1916,6,3,7,7,3-52,1395,B-C,U,204,209,11,1,3,14,442,705,1,0,1,0,0,705
1943,6,3,7,7,3-62,1414,B-C,U,191,194,16,3,3,13,420,657,1,0,1,0,0,657
1959,6,3,7,7,3-56,1429,B-C,U,155,120,6,2,1,8,292,467,0,0,1,0,0,467
1937,6,3,7,7,3-53,1411,B-C,U,173,138,12,2,2,4,331,590,1,0,1,0,0,590
1218,6,3,4,4,3-66,1488,B-C,U,147,69,0,2,0,10,228,464,0,0,1,0,0,464
1900,6,3,7,7,3-50,1384,B-C,U,176,266,28,5,0,19,494,729,0,0,1,0,0,729
1950,6,3,7,7,3-58,1416,B-C,U,173,143,21,0,0,7,344,553,1,0,1,0,0,553
1990,6,3,21,7,3-65,1453,S,U,24,60,10,1,3,2,100,0,1,0,1,0,0,100
1071,6,3,7,4,3-30,1323,B-C,U,167,141,9,4,0,10,331,639,1,0,1,0,0,639
5341,7,11,10,18,11-102,580,B-C,R,61,41,4,0,0,8,114,264,0,0,1,0,1,264
5333,7,11,10,18,11-96,575,B-C,M,197,187,10,11,0,0,405,615,1,0,1,0,0,615
2989,7,7,10,10,7-33,2450,B-C,U,146,258,4,0,0,4,412,593,1,0,1,0,0,593
5587,7,11,18,18,11-20,1999,B-C,R,251,104,18,0,0,0,373,583,0,0,1,0,1,583
5504,7,11,18,18,11-4,1959,B-C,R,115,73,7,4,0,10,209,444,0,0,1,0,1,444
5437,7,11,18,18,11-42,1920,B-C,U,147,163,5,0,0,6,321,518,1,0,1,0,0,518
5337,7,11,10,18,11-102,577,B-C,R,223,80,4,24,0,17,348,746,0,0,1,0,1,746
5505,7,11,18,18,11-4,1959,B-C,R,104,90,10,3,1,11,219,443,0,0,1,0,1,443
3059,7,7,10,10,7-44,2477,B-C,U,115,266,7,1,1,5,395,702,0,1,1,0,0,702
3108,7,7,10,10,7-57,2498,B-C,R,156,67,13,2,2,9,249,457,0,0,1,0,1,457
5525,7,11,18,18,11-33,1969,B-C,M,230,122,12,4,1,11,380,613,1,0,1,0,0,613
5584,7,11,18,18,11-30,1997,B-C,R,280,130,20,1,1,31,463,722,0,0,1,0,1,722
3094,7,7,10,10,7-52,2492,B-C,R,188,117,10,1,2,23,341,606,1,0,1,0,1,606
5488,7,11,18,18,11-36,1948,B-C,R,146,218,4,1,0,14,383,629,1,0,1,0,1,629
2829,7,7,10,10,7-3,2034,B-C,U,148,322,4,2,0,6,482,720,1,0,1,0,0,720
3019,7,7,10,10,7-37,2466,B-C,U,135,276,4,3,1,6,425,680,1,0,1,0,0,680
3012,7,7,10,10,7-36,2461,B-C,U,119,175,4,2,1,4,305,405,0,0,1,0,0,405
5350,7,11,10,18,11-102,587,B-C,R,153,63,1,1,0,4,222,391,0,0,1,0,1,391
5503,7,11,18,18,11-12,1958,B-C,R,120,76,8,5,0,13,222,393,0,0,1,0,1,393
5529,7,11,18,18,11-31,1970,B-C,M,203,109,17,5,0,12,346,550,1,0,1,0,0,550
5518,7,11,18,18,11-15,1966,B-C,R,95,107,6,5,0,5,218,498,0,0,1,0,1,498
3015,7,7,10,10,7-37,2463,B-C,U,181,288,4,1,1,6,481,720,1,0,1,0,0,720
5456,7,11,18,18,11-39,1929,B-C,U,245,190,12,1,1,5,454,673,1,0,1,0,0,673
3062,7,7,10,10,7-45,2477,B-C,U,126,279,4,1,3,7,420,701,0,1,1,0,0,701
2880,7,7,10,10,7-11,2049,B-C,R,168,188,5,1,0,5,367,584,1,0,1,0,1,584
5459,7,11,18,18,11-39,1930,B-C,U,204,193,6,4,3,9,419,623,1,0,1,0,0,623
5540,7,11,18,18,11-13,1975,B-C,R,133,177,4,2,0,7,323,583,1,0,1,0,1,583
5434,7,11,18,18,11-40,1918,B-C,U,125,161,7,1,0,9,303,446,0,0,1,0,0,446
5615,7,11,18,18,11-28,2015,B-C,U,185,79,8,2,0,16,290,488,0,0,1,0,0,488
5321,7,11,10,18,11-99,568,B-C,M,150,148,8,1,0,8,315,464,0,0,1,0,0,464
4017,8,8,14,13,8-94,2194,B-C,U,172,240,22,11,3,11,459,701,1,0,2,0,0,701
4216,8,8,14,14,8-41,2207,B-C,R,158,159,16,3,1,22,359,533,1,0,2,0,1,533
4189,8,8,14,14,8-86,2168,B-C,U,136,137,16,5,6,12,312,491,0,0,2,0,0,491
4166,8,8,14,14,8-85,2148,B-C,U,93,158,21,9,3,6,290,409,0,0,2,0,0,409
4253,8,8,14,14,8-49,2227,B-C,R,135,160,8,3,1,11,318,527,1,0,2,0,1,527
4661,8,8,17,15,8-15,2929,B-C,M,174,211,10,5,5,9,414,639,1,0,2,0,0,639
4315,8,8,17,14,8-19,2627,B-C,R,39,213,5,4,0,12,273,405,0,0,2,0,1,405
3947,8,8,14,13,8-71,2166,B-C,U,149,186,16,13,4,16,384,652,1,0,2,0,0,652
4239,8,8,14,14,8-46,2221,B-C,R,89,164,6,5,1,6,271,415,0,0,2,0,1,415
3990,8,8,14,13,8-100,2186,B-C,U,157,201,17,9,9,15,408,653,1,0,2,0,0,653
4346,8,8,17,14,8-32,2639,B-C,U,95,250,29,5,1,4,384,592,1,0,2,0,0,592
4660,8,8,17,15,8-15,2929,B-C,M,167,255,15,5,3,14,459,640,1,0,2,0,0,640
3975,8,8,14,13,8-95,2181,B-C,U,145,176,15,8,3,12,359,646,1,0,2,0,0,646
4260,8,8,14,14,8-51,2230,B-C,U,144,201,15,6,2,10,378,670,1,0,2,0,0,670
4649,8,8,17,15,8-6,2924,B-C,R,147,266,13,6,0,12,444,668,1,0,2,0,1,668
4265,8,8,17,14,8-35,2608,B-C,U,94,225,14,3,1,10,347,583,1,0,2,0,0,583
3941,8,8,14,13,8-69,2151,B-C,U,113,131,29,12,3,15,303,469,0,0,2,0,0,469
4261,8,8,14,14,8-51,2230,B-C,U,159,238,13,8,1,11,430,670,1,0,2,0,0,670
4074,8,8,14,13,8-54,2249,B-C,R,73,212,14,5,2,12,318,544,1,0,2,0,1,544
4316,8,8,17,14,8-19,2627,B-C,R,41,179,10,2,2,11,245,404,0,0,2,0,1,404
4109,8,8,14,14,8-76,2111,B-C,U,192,237,22,15,5,17,488,698,1,0,2,0,0,698
4126,8,8,14,14,8-65,2121,B-C,U,152,193,8,13,4,9,379,673,1,0,2,0,0,673
4097,8,8,14,13,8-52,2262,B-C,R,101,114,5,7,0,5,232,472,0,0,2,0,1,472
4046,8,8,14,13,8-103,2236,B-C,R,105,188,9,5,4,19,330,604,1,0,2,0,1,604
4297,8,8,17,14,8-36,2622,B-C,U,166,266,9,9,3,10,463,677,1,0,2,0,0,677
4324,8,8,17,14,8-20,2630,B-C,R,87,187,14,5,2,12,307,453,1,0,2,0,1,453
4333,8,8,17,14,8-34,2634,B-C,R,153,201,25,3,2,7,391,546,0,0,2,0,1,546
4223,8,8,14,14,8-44,2211,B-C,R,193,131,20,9,1,27,381,627,0,0,2,0,1,627
4641,8,8,17,15,8-6,2921,B-C,M,127,254,14,3,2,20,420,585,1,0,2,0,0,585
4648,8,8,17,15,8-6,2924,B-C,R,161,278,8,8,0,17,472,669,1,0,2,0,1,669
3131,9,7,13,10,7-67,2678,B-C,U,129,134,12,3,2,6,286,604,1,0,1,0,0,604
2424,9,7,13,8,7-61,2661,B-C,U,128,103,8,2,0,6,247,446,0,0,1,0,0,446
3164,9,7,13,10,7-87,2710,B-C,R,134,166,11,4,0,33,348,699,1,0,1,0,1,699
3564,9,4,12,12,4-96,967,B-C,U,171,161,17,6,5,18,378,724,1,0,1,0,0,724
3162,9,7,13,10,7-87,2710,B-C,R,150,186,8,4,6,8,362,700,1,0,1,0,1,700
2493,9,7,13,8,7-79,2699,B-C,R,69,82,35,0,0,15,201,381,1,0,1,0,1,381
3214,9,9,11,11,9-30,943,B-C,U,109,249,11,2,8,13,392,603,1,0,1,0,0,603
2477,9,7,13,8,7-77,2691,B-C,R,176,88,1,3,0,11,279,461,0,0,1,0,1,461
2402,9,7,13,8,7-59,2654,B-C,U,146,132,11,6,1,15,311,649,1,0,1,0,0,649
2513,9,7,13,8,7-96,2721,B-C,R,382,128,4,1,0,4,519,400,1,0,1,0,1,400
3430,9,9,11,11,9-5,1122,B-C,R,93,185,10,3,0,12,303,590,1,0,1,0,1,590
3508,9,9,11,12,9-24,930,B-C,U,195,158,14,1,2,0,370,693,1,0,1,0,0,693
3569,9,4,11,12,4-90,969,B-C,U,123,135,6,4,4,9,281,493,0,0,1,0,0,493
2451,9,7,13,8,7-69,2680,B-C,U,140,119,6,0,2,3,270,430,0,0,1,0,0,430
3586,9,4,12,12,4-92,980,B-C,U,196,131,9,2,1,13,352,744,0,1,1,0,0,744
3153,9,7,13,10,7-85,2701,B-C,R,167,76,0,0,0,4,247,407,0,0,1,0,1,407
3126,9,7,13,10,7-66,2676,B-C,U,168,165,10,3,1,13,360,621,1,0,1,0,0,621
3565,9,4,12,12,4-96,967,B-C,U,195,132,27,0,0,13,367,723,1,0,1,0,0,723
3147,9,7,13,10,7-84,2696,B-C,R,196,125,6,1,0,18,346,625,1,0,1,0,1,625
3752,9,4,11,12,4-103,1134,B-C,U,221,140,9,4,1,11,386,624,1,0,1,0,0,624
3184,9,7,13,10,7-93,2725,B-C,R,167,157,17,5,2,13,361,564,1,0,1,0,1,564
2420,9,7,13,8,7-62,2659,B-C,U,153,138,13,3,4,9,320,589,1,0,1,0,0,589
3461,9,9,11,11,9-14,1152,B-C,U,159,140,33,4,1,19,356,659,1,0,1,0,0,659
6272,10,13,19,21,13-27,700,B-C,M,77,111,21,1,2,15,227,401,0,0,2,0,0,401
6000,10,10,20,20,10-62,2790,B-C,U,176,196,7,4,1,12,396,673,1,0,2,0,0,673
5930,10,10,20,20,10-3,1868,B-C,U,100,190,12,0,6,10,318,463,0,0,2,0,0,463
5979,10,10,20,20,10-12,1891,B-C,R,52,126,25,3,0,16,222,441,0,0,2,0,1,441
6040,10,10,20,20,10-70,2803,S,U,59,91,4,0,2,3,159,0,1,0,2,0,0,159
6177,10,10,20,20,10-99,3004,B-C,R,57,70,13,3,0,6,149,385,0,0,2,0,1,385
5938,10,10,20,20,10-6,1872,B-C,U,95,182,42,4,12,8,343,681,1,0,2,0,0,681
6054,10,10,20,20,10-73,2809,B-C,U,125,190,20,3,1,13,352,666,1,0,2,0,0,666
6055,10,10,20,20,10-73,2809,B-C,U,122,159,30,7,1,16,335,666,1,0,2,0,0,666
6076,10,10,20,20,10-78,2951,B-C,U,130,158,21,10,1,14,334,450,0,0,2,0,0,450
5923,10,10,20,20,10-2,1864,B-C,U,157,259,29,5,7,14,471,696,1,0,2,0,0,696
6064,10,10,20,20,10-76,2812,B-C,R,150,163,13,2,0,22,350,611,0,0,2,0,1,611
6138,10,10,20,20,10-95,2984,B-C,M,189,145,4,3,3,85,429,612,1,0,2,0,0,612
6225,10,13,19,21,13-29,682,B-C,U,147,190,20,2,5,11,375,656,1,0,2,0,0,656
6212,10,13,19,21,13-26,676,B-C,U,173,204,43,9,0,9,438,667,1,0,2,0,0,667
5974,10,10,20,20,10-13,1889,B-C,R,53,98,9,2,3,3,168,412,0,0,2,0,1,412
6202,10,13,19,21,13-24,672,B-C,U,132,181,17,0,0,9,339,519,1,0,2,0,0,519
6099,10,10,20,20,10-78,2961,B-C,U,116,177,13,26,4,7,343,542,1,0,2,0,0,542
6071,10,10,20,20,10-77,2949,B-C,U,163,189,14,31,1,13,411,652,1,0,2,0,0,652
6265,10,13,19,21,13-36,697,B-C,U,84,187,7,3,3,6,290,607,1,0,2,0,0,607
5991,10,10,20,20,10-47,2648,B-C,U,124,205,1,0,0,7,337,442,0,0,2,0,0,442
6321,10,10,20,21,10-18,2274,B-C,U,133,212,19,9,4,21,398,637,1,0,2,0,0,637
6170,10,10,20,20,10-98,3001,B-C,M,118,136,8,3,0,11,276,553,1,0,2,0,0,553
6292,10,13,19,21,13-43,712,B-C,U,54,131,26,11,0,15,237,603,0,0,2,0,0,603
6313,10,10,20,21,10-18,2269,B-C,U,99,159,18,5,3,16,300,489,0,0,2,0,0,489
6298,10,13,19,21,13-42,716,B-C,R,82,176,11,0,0,15,284,537,1,0,2,0,1,537
6029,10,10,20,20,10-68,2799,B-C,U,144,169,16,3,1,11,344,598,1,0,2,0,0,598
6250,10,13,19,21,13-33,691,B-C,U,124,149,25,4,0,20,322,573,1,0,2,0,0,573
6282,10,13,19,21,13-40,706,B-C,R,97,85,2,1,1,7,193,388,0,0,2,0,1,388
5931,10,10,20,20,10-3,1868,B-C,U,98,166,25,3,9,8,309,462,0,0,2,0,0,462
6195,10,13,19,21,13-22,668,B-C,U,202,240,40,7,4,10,503,742,1,0,2,0,0,742
6176,10,10,20,20,10-99,3004,B-C,R,77,64,18,1,1,18,179,386,0,0,2,0,1,386
1807,11,6,6,6,6-51,1629,B-C,U,194,142,9,0,3,34,382,665,1,0,1,0,0,665
2165,11,6,6,7,6-6,1659,B-C,R,177,148,11,0,0,0,336,551,1,0,1,0,1,551
1848,11,6,6,6,6-9,1665,B-C,R,209,129,18,2,4,17,379,613,1,0,1,0,1,613
1672,11,6,6,6,6-58,1555,B-C,U,190,169,7,3,5,9,383,559,1,0,1,0,0,559
1751,11,6,6,6,6-74,1605,B-C,U,183,135,7,7,0,7,339,568,1,0,1,0,0,568
2142,11,6,21,7,6-22,1647,B-C,U,173,169,9,4,1,19,375,737,0,1,1,0,0,737
2081,11,6,21,7,6-34,1634,B-C,U,236,218,12,3,5,27,501,750,0,1,1,0,0,750
2149,11,6,21,7,6-21,1647,B-C,U,181,165,8,2,1,0,357,737,0,1,1,0,0,737
2171,11,6,6,7,6-7,1662,B-C,R,249,216,6,0,0,0,471,687,1,0,1,0,1,687
2145,11,6,21,7,6-22,1647,B-C,U,198,194,7,3,4,11,417,736,0,1,1,0,0,736
2112,11,6,21,7,6-25,1642,B-C,U,209,177,7,4,1,3,401,708,0,1,1,0,0,708
1742,11,6,6,6,6-76,1601,B-C,U,165,165,11,6,2,14,363,593,1,0,1,0,0,593
1723,11,6,6,6,6-52,1592,B-C,U,177,216,10,4,1,15,423,716,1,0,1,0,0,716
1821,11,6,6,6,6-77,1649,B-C,U,233,120,0,2,0,7,362,635,1,0,1,0,0,635
1714,11,6,21,6,6-48,1589,B-C,U,191,213,16,2,1,18,441,715,1,0,1,0,0,715
1718,11,6,21,6,6-54,1590,B-C,U,142,165,5,3,2,8,325,555,1,0,1,0,0,555
1843,11,6,6,6,6-13,1663,B-C,R,99,269,1,1,0,16,386,585,1,0,1,0,1,585
2164,11,6,6,7,6-6,1659,B-C,R,172,150,8,2,0,11,343,551,1,0,1,0,1,551
2176,11,6,6,7,6-8,1664,B-C,R,238,193,10,1,1,12,455,728,1,0,1,0,1,728
2016,11,6,21,7,6-41,1582,B-C,U,126,151,13,3,0,4,297,403,0,0,1,0,0,403
1825,11,6,6,6,6-78,1650,B-C,U,214,110,4,2,0,6,336,570,1,0,1,0,0,570
4698,12,12,16,16,12-26,340,B-C,U,144,162,18,10,2,15,351,613,1,0,2,0,0,613
4855,12,12,15,16,12-14,471,B-C,U,196,191,31,5,8,18,449,738,1,0,2,0,0,738
4465,12,12,15,15,12-54,415,B-C,U,156,224,20,7,4,16,427,589,1,0,2,0,0,589
4435,12,12,15,15,12-2,392,B-C,U,153,176,21,8,6,12,376,611,1,0,2,0,0,611
4493,12,13,15,15,13-4,451,B-C,U,115,158,15,3,3,7,301,464,0,0,2,0,0,464
4693,12,12,16,16,12-27,339,B-C,U,127,289,33,6,5,10,470,647,1,0,2,0,0,647
4713,12,12,16,16,12-22,343,B-C,U,182,214,30,10,4,16,456,746,0,1,2,0,0,746
4584,12,12,15,15,12-56,532,B-C,R,174,246,15,3,1,20,459,708,1,0,2,0,1,708
4700,12,12,16,16,12-26,340,B-C,U,128,193,27,5,6,14,373,612,1,0,2,0,0,612
4673,12,12,16,16,12-39,336,B-C,U,148,195,37,4,9,14,407,727,0,1,2,0,0,727
4448,12,12,15,15,12-53,411,B-C,U,121,145,17,5,4,9,301,450,0,0,2,0,0,450
4395,12,12,16,15,12-40,364,B-C,U,147,167,27,7,5,12,365,521,1,0,2,0,0,521
4396,12,12,16,15,12-40,365,B-C,U,168,194,15,8,1,8,394,610,0,0,2,0,0,610
4753,12,12,16,16,12-30,372,B-C,U,137,169,37,2,7,12,364,557,1,0,2,0,0,557
4844,12,12,15,16,12-13,460,B-C,U,137,198,31,6,11,10,393,629,1,0,2,0,0,629
4766,12,12,16,16,12-4,389,B-C,U,157,137,6,4,0,4,308,401,0,0,2,0,0,401
4476,12,12,15,15,12-55,435,B-C,U,129,204,14,2,1,9,359,520,1,0,2,0,0,520
4432,12,12,15,15,12-49,386,B-C,U,146,174,20,0,5,12,357,479,0,0,2,0,0,479
4699,12,12,16,16,12-26,340,B-C,U,149,143,33,8,2,19,354,612,1,0,2,0,0,612
4976,12,12,15,16,12-82,559,B-C,M,81,148,2,5,2,12,250,452,0,0,2,0,0,452
4498,12,13,15,15,13-4,467,B-C,U,103,129,14,4,3,11,264,407,0,0,2,0,0,407
4735,12,12,16,16,12-26,353,B-C,U,184,152,31,6,9,0,382,657,1,0,2,0,0,657
4710,12,12,16,16,12-23,342,B-C,U,143,174,19,10,1,6,353,742,1,0,2,0,0,742
4365,12,12,16,15,12-42,347,B-C,NA,159,193,33,8,6,18,417,720,0,1,2,0,0,720
4685,12,12,16,16,12-38,336,B-C,U,157,207,37,4,4,8,417,728,0,1,2,0,0,728
4597,12,13,15,15,13-16,540,B-C,R,85,163,4,3,2,13,270,464,0,0,2,0,1,464
4677,12,12,16,16,12-39,336,B-C,U,138,210,36,5,4,11,404,727,0,1,2,0,0,727
4742,12,12,16,16,12-21,356,B-C,U,172,202,13,5,2,0,394,653,1,0,2,0,0,653
4497,12,13,15,15,13-4,467,B-C,U,127,118,17,5,3,9,279,407,0,0,2,0,0,407
5824,13,13,19,19,13-79,2860,B-C,M,37,124,73,1,0,7,242,381,1,0,2,0,0,381
5695,13,13,19,19,13-50,1192,E,R,185,188,13,5,5,28,424,551,1,0,2,1,1,551
5723,13,13,19,19,13-56,2819,B-C,M,95,191,43,1,3,13,346,531,1,0,2,0,0,531
5691,13,13,19,19,13-49,1191,B-C,R,226,207,7,2,2,13,457,678,1,0,2,0,1,678
3819,13,11,18,13,11-63,7,B-C,U,169,255,4,4,2,10,444,664,1,0,1,0,0,664
3886,13,11,18,13,11-66,38,B-C,R,118,300,18,10,14,18,478,705,1,0,1,0,1,705
5808,13,13,19,19,13-75,2852,E,R,25,95,74,10,4,12,220,470,1,0,2,1,1,470
5727,13,13,19,19,13-58,2821,B-C,U,94,177,41,1,1,21,335,487,0,0,2,0,0,487
2965,13,7,13,10,7-29,2099,B-C,R,49,62,91,0,1,18,221,421,0,0,1,0,1,421
3809,13,11,18,13,11-66,3,B-C,M,153,307,13,5,3,14,495,733,1,0,1,0,0,733
5886,13,13,19,19,13-90,2881,B-C,R,45,143,68,12,7,38,313,551,1,0,2,0,1,551
5788,13,13,19,19,13-64,2845,B-C,U,48,162,83,8,1,17,319,652,1,0,2,0,0,652
5885,13,13,19,19,13-98,2880,B-C,R,13,130,28,8,3,6,188,384,1,0,2,0,1,384
5671,13,13,19,19,13-44,1182,B-C,U,183,224,19,1,8,15,450,639,1,0,2,0,0,639
5865,13,13,19,19,13-89,2874,B-C,R,49,155,94,21,3,38,360,655,1,0,2,0,1,655
5740,13,13,19,19,13-60,2826,B-C,U,87,204,58,2,7,33,391,620,1,0,2,0,0,620
3896,13,11,18,13,11-68,42,B-C,R,83,164,16,0,1,17,281,601,1,0,1,0,1,601
5677,13,13,19,19,13-46,1184,B-C,U,180,196,20,2,1,7,406,617,1,0,2,0,0,617
5734,13,13,19,19,13-59,2824,B-C,U,58,172,73,4,4,18,329,559,1,0,2,0,0,559
3924,13,8,18,13,8-4,2031,B-C,R,71,248,15,3,5,21,363,540,1,0,1,0,1,540
3839,13,11,18,13,11-79,16,B-C,R,125,145,17,8,2,28,325,548,1,0,1,0,1,548
5849,13,13,19,19,13-84,2869,B-C,R,45,119,79,3,1,15,262,409,1,0,2,0,1,409
5726,13,13,19,19,13-57,2820,B-C,U,85,162,25,2,1,11,286,411,0,0,2,0,0,411
5752,13,13,19,19,13-57,2832,B-C,U,83,250,33,1,2,20,389,562,1,0,2,0,0,562
3828,13,11,18,13,11-64,10,B-C,U,124,249,3,2,1,9,388,572,1,0,1,0,0,572
5818,13,13,19,19,13-74,2857,B-C,R,20,147,83,2,0,18,270,572,1,0,2,0,1,572
5708,13,13,19,19,13-54,1199,B-C,U,204,111,16,1,2,14,348,682,0,0,2,0,0,682
3805,13,11,18,13,11-61,1,B-C,M,167,255,6,1,5,43,477,723,1,0,1,0,0,723
5817,13,13,19,19,13-74,2857,B-C,R,45,150,62,3,1,19,280,572,1,0,2,0,1,572
5810,13,13,19,19,13-75,2853,B-C,R,47,145,63,2,3,14,274,599,1,0,2,0,1,599
5755,13,13,19,19,13-63,2833,B-C,U,116,182,38,8,3,12,359,523,1,0,2,0,0,523
6718,14,14,22,22,14-96,1255,B-C,M,86,105,32,0,2,17,242,431,0,0,2,0,0,431
6489,14,14,22,22,14-7,69,B-C,U,139,212,33,9,10,20,423,649,0,0,2,0,0,649
5024,14,14,22,17,14-43,262,B-C,R,67,108,18,6,12,16,227,490,0,0,2,0,1,490
6626,14,14,22,22,14-74,652,B-C,U,90,174,43,15,0,13,335,454,0,0,2,0,0,454
5031,14,14,22,17,14-44,265,B-C,U,101,127,67,5,122,24,446,606,1,0,2,0,0,606
5081,14,14,9,17,14-55,292,B-C,U,150,208,30,13,6,16,423,675,1,0,2,0,0,675
6625,14,14,22,22,14-34,140,B-C,R,41,83,62,9,0,23,218,547,1,0,2,0,1,547
6738,14,14,22,22,14-102,2738,B-C,U,142,161,36,1,2,21,363,612,1,0,2,0,0,612
6524,14,14,22,22,14-14,85,B-C,U,87,183,54,7,4,28,363,689,1,0,2,0,0,689
6451,14,14,22,22,14-1,51,B-C,M,99,172,56,1,7,17,352,659,1,0,2,0,0,659
5032,14,14,22,17,14-44,265,B-C,U,112,142,61,4,12,19,350,605,1,0,2,0,0,605
6457,14,14,22,22,14-2,53,B-C,U,75,152,18,4,6,10,265,430,0,0,2,0,0,430
5095,14,14,9,17,14-59,298,B-C,R,113,129,30,3,1,22,298,597,0,0,2,0,1,597
5288,14,10,15,17,10-54,2760,B-C,R,67,91,4,1,2,6,171,411,0,0,2,0,1,411
6574,14,14,22,22,14-25,112,B-C,R,48,119,60,16,9,39,291,710,0,0,2,0,1,710
5022,14,14,22,17,14-43,261,B-C,R,122,188,32,7,28,11,388,689,1,0,2,0,1,689
6537,14,14,22,22,14-16,92,B-C,R,29,46,36,1,1,11,124,278,0,0,2,0,1,278
5077,14,14,9,17,14-55,291,B-C,U,122,196,20,7,3,8,356,528,1,0,2,0,0,528
5292,14,10,15,17,10-56,2762,B-C,R,137,201,12,0,2,13,365,632,0,0,2,0,1,632
5143,14,14,9,17,14-70,321,B-C,M,163,175,19,5,2,12,376,612,0,0,2,0,0,612
5303,14,10,15,17,10-58,2769,B-C,U,110,121,16,0,2,7,256,464,0,0,2,0,0,464
5067,14,14,9,17,14-54,288,B-C,U,195,198,14,5,4,15,431,714,1,0,2,0,0,714
6675,14,14,22,22,14-86,1223,B-C,U,160,85,53,1,3,34,336,611,0,0,2,0,0,611
5142,14,14,9,17,14-69,320,B-C,R,316,339,23,4,0,20,702,619,1,0,2,0,1,619
4990,14,14,22,17,14-38,247,B-C,U,74,134,17,6,67,14,312,530,1,0,2,0,0,530
5026,14,14,22,17,14-45,263,B-C,R,154,80,80,6,16,15,351,526,1,0,2,0,1,526
6559,14,14,22,22,14-26,103,B-C,M,29,120,39,1,1,32,222,489,0,0,2,0,0,489
4996,14,14,22,17,14-39,249,B-C,U,97,185,13,36,39,17,387,504,1,0,2,0,0,504
5115,14,14,9,17,14-64,307,B-C,R,151,76,12,3,1,3,246,512,1,0,2,0,1,512
6635,14,14,22,22,14-76,656,B-C,R,76,102,28,4,2,12,224,377,0,0,2,0,1,377
5120,14,14,9,17,14-61,310,B-C,R,152,82,10,4,6,16,270,536,1,0,2,0,1,536
5111,14,14,9,17,14-63,305,B-C,R,147,124,39,3,2,29,344,700,1,0,2,0,1,700
3484,15,9,11,11,9-11,1165,B-C,R,146,142,12,6,0,18,324,611,1,0,1,0,1,611
3679,15,9,12,12,9-78,1060,B-C,U,191,194,19,5,4,9,422,710,1,0,1,0,0,710
3381,15,9,12,11,9-53,1096,B-C,U,191,104,15,2,1,7,320,625,1,0,1,0,0,625
3374,15,9,12,11,9-55,1091,B-C,U,205,146,12,2,3,12,380,679,1,0,1,0,0,679
3593,15,9,12,12,9-39,982,S,U,42,78,7,3,4,5,139,0,0,0,1,0,0,139
3504,15,9,11,11,9-15,1174,B-C,R,138,129,24,3,2,15,311,570,1,0,1,0,1,570
3396,15,9,11,11,9-49,1099,B-C,U,185,189,16,7,0,9,406,684,0,1,1,0,0,684
3671,15,9,12,12,9-77,1059,B-C,U,146,206,20,4,5,11,392,708,0,1,1,0,0,708
3653,15,9,12,12,9-74,1045,B-C,U,115,141,11,2,1,5,275,405,0,0,1,0,0,405
3223,15,9,11,11,9-32,947,B-C,U,126,201,11,3,4,7,352,576,1,0,1,0,0,576
3360,15,9,12,11,9-72,1084,B-C,U,219,136,10,3,4,7,379,637,1,0,1,0,0,637
3683,15,9,12,12,9-73,1062,B-C,U,128,189,10,0,0,23,350,571,1,0,1,0,0,571
3339,15,9,12,11,9-72,1074,B-C,U,148,158,10,2,3,4,325,505,1,0,1,0,0,505
3540,15,9,11,12,9-38,952,B-C,U,103,178,7,3,7,6,304,398,0,0,1,0,0,398
3243,15,9,11,11,9-33,960,B-C,U,187,236,8,2,3,11,447,701,1,0,1,0,0,701
3693,15,9,12,12,9-82,1080,B-C,U,262,118,13,1,2,10,406,692,1,0,1,0,0,692
3607,15,9,12,12,9-60,995,B-C,U,142,106,10,4,2,3,267,445,0,0,1,0,0,445
3347,15,9,12,11,9-46,1077,B-C,U,181,209,11,4,1,9,415,667,1,0,1,0,0,667
3635,15,4,12,12,4-97,1025,B-C,U,138,125,10,3,2,7,285,530,1,0,1,0,0,530
3678,15,9,12,12,9-78,1060,B-C,U,170,240,14,3,0,14,441,710,1,0,1,0,0,710
3470,15,9,11,11,9-21,1158,B-C,R,129,186,18,6,2,17,358,739,1,0,1,0,1,739
3479,15,9,12,11,9-20,1162,B-C,M,129,239,14,6,0,10,398,625,1,0,1,0,0,625
3535,15,9,11,12,9-37,950,B-C,U,147,231,8,2,1,6,395,541,1,0,1,0,0,541
3665,15,9,12,12,9-75,1057,B-C,U,150,166,13,3,2,15,349,619,1,0,1,0,0,619
3472,15,9,11,11,9-21,1158,B-C,R,141,173,15,3,4,19,355,738,1,0,1,0,1,738
1171,20,3,21,4,3-69,1392,B-C,NA,165,258,12,1,3,13,452,733,0,1,1,0,0,733
